cusip,asset_class_type_cd,ISSUER_INDUSTRY,MTG_AMORT_TYPE_LEVEL_FRM_CURR,MTG_TYPE,MTG_PREPAY_TYP,SECURITY_TYP,SECURITY_TYP2,CPN_TYP,MARKET_SECTOR_DES,MTG_COLLAT_TYP,tax_code_c,bank_qualified_i,dated_date_d,capital_purpose_c
066337AG1,AGYCMOARM,,100,FLT,,Prvt CMO FLT,CMO,FLOATING,Mtge,FNCL10.5,,,,
13063A4H4,MUNIBE,GOB,,,,FIXED,,FIXED,Muni,,EXMP,N,04/01/2009,NEW
13063A4Q4,MUNIBE,GOB,,,,"FIXED, OID",,"FIXED, OID",Muni,,EXMP,N,04/01/2009,NEW
13063BBZ4,MUNIBE,GOB,,,,FIXED,,FIXED,Muni,,EXMP,N,11/12/2009,NEW
13063A4G6,MUNIBE,GOB,,,,FIXED,,FIXED,Muni,,EXMP,N,04/01/2009,NEW
13063A4K7,MUNIBE,GOB,,,,FIXED,,FIXED,Muni,,EXMP,N,04/01/2009,NEW
13063A4T8,MUNIBE,GOB,,,,"FIXED, OID",,"FIXED, OID",Muni,,EXMP,N,04/01/2009,NEW
13063BES7,MUNIBE,GOB,,,,"FIXED, OID",,"FIXED, OID",Muni,,EXMP,N,03/18/2010,NEW
13063BKP6,MUNIBE,GOB,,,,FIXED,,FIXED,Muni,,EXMP,N,12/02/2010,NEW
13063A4M3,MUNIBE,GOB,,,,"FIXED, OID",,"FIXED, OID",Muni,,EXMP,N,04/01/2009,NEW
13063A4J0,MUNIBE,GOB,,,,FIXED,,FIXED,Muni,,EXMP,N,04/01/2009,NEW
13063A4V3,MUNIBE,GOB,,,,"FIXED, OID",,"FIXED, OID",Muni,,EXMP,N,04/01/2009,NEW
13063A4Y7,MUNIBE,GOB,,,,"FIXED, OID",,"FIXED, OID",Muni,,EXMP,N,04/01/2009,NEW
167486EN5,MUNIBE,GOB,,,,"FIXED, OID",,"FIXED, OID",Muni,,EXMP,N,01/28/2009,NEW
130685WL0,MUNIBE,FAC,,,,"FIXED, OID",,"FIXED, OID",Muni,,EXMP,N,10/29/2009,NEW
13063BJT0,MUNIBE,GOB,,,,FIXED,,FIXED,Muni,,EXMP,N,12/02/2010,NEW
13063BJV5,MUNIBE,GOB,,,,FIXED,,FIXED,Muni,,EXMP,N,12/02/2010,NEW
155665EG3,MUNIBE,SCD,,,,FIXED,,FIXED,Muni,,EXMP,N,02/26/2009,NEW
15567RBG7,MUNIBE,WTR,,,,FIXED,,FIXED,Muni,,EXMP,N,12/28/2017,REF
134159WQ1,MUNIBE,SCD,,,,FIXED,,FIXED,Muni,,EXMP,N,08/02/2016,REF
13063BED0,MUNIBE,GOB,,,,"FIXED, OID",,"FIXED, OID",Muni,,EXMP,N,03/18/2010,NEW
13063BKK7,MUNIBE,GOB,,,,FIXED,,FIXED,Muni,,EXMP,N,12/02/2010,NEW
148537NR0,MUNIBE,SCD,,,,FIXED,,FIXED,Muni,,EXMP,N,12/15/2017,REF
19679PCJ1,MUNIBE,PWR,,,,FIXED,,FIXED,Muni,,EXMP,N,05/13/2010,NEW
31281BWH9,AGYMBSFIXED,,,N3,CPR,MBS Other,Pool,FIXED,Mtge,FGRE,,,,
31283AEX4,AGYCMOFIXED,,100,"EXCH,PT",PSA,Agncy CMO Other,CMO,FIXED,Mtge,FGHLU7 3,,,,
31288BBB8,AGYMBSFIXED,,,C7,PSA,MBS 30yr,Pool,FIXED,Mtge,FGLMC,,,,
3128CUPL4,AGYMBSFIXED,,,G3,PSA,MBS 20yr,Pool,FIXED,Mtge,FGTW,,,,
3128CUTM8,AGYMBSFIXED,,,G3,PSA,MBS 20yr,Pool,FIXED,Mtge,FGTW,,,,
3128E5Z28,AGYMBSFIXED,,,D9,PSA,MBS 20yr,Pool,FIXED,Mtge,FGTW,,,,
30288BAE5,KFRED,,,"SUB,+",CPY,Agncy CMBS,CMBS,VARIABLE,Mtge,MULTI3.7,,,,
31283AMD9,AGYCMOFIXED,,100,"EXCH,PT",PSA,Agncy CMO Other,CMO,FIXED,Mtge,FGHLU7 3,,,,
31283AMV9,AGYCMOFIXED,,100,"EXCH,PT",PSA,Agncy CMO Other,CMO,FIXED,Mtge,FGHLU2.5,,,,
31283CAS5,AGYCMOFIXED,,100,"EXCH,PT",PSA,Agncy CMO Other,CMO,FIXED,Mtge,FGHLU3.5,,,,
3128E6B48,AGYMBSARM,,,D9,PSA,MBS 20yr,Pool,FIXED,Mtge,FGTW,,,,
3128JRKQ8,AGYMBSARM,,,84,CPR,MBS ARM,Pool,FLOATING,Mtge,FHARM,,,,
3128MMTT0,AGYMBSARM,,,G1,PSA,MBS 15yr,Pool,FIXED,Mtge,FGCI,,,,
3128PA2N5,AGYMBSARM,,,1B,CPR,MBS ARM,Pool,FLOATING,Mtge,FHARM,,,,
30287EAE0,KFRED,,,"SUB,+",CPY,Agncy CMBS,CMBS,VARIABLE,Mtge,MULTI3.9,,,,
30290XAN3,KFRED,,,"SUB,+",CPY,Agncy CMBS,CMBS,VARIABLE,Mtge,MULTI3.7,,,,
312905AF9,AGYCMOARM,,100,FLT,PSA,Agncy CMO FLT,CMO,FLOATING,Mtge,FGLM10.5,,,,
3130A1B80,USAGCY,GOVT AGENCY,,,,US DOMESTIC,,FIXED,Govt,,,,,
3130A0C57,USAGCY,GOVT AGENCY,,,,US DOMESTIC,,FIXED,Govt,,,,,
3130A02T6,USAGCY,GOVT AGENCY,,,,US DOMESTIC,,FIXED,Govt,,,,,
3130A05R7,USAGCY,GOVT AGENCY,,,,US DOMESTIC,,FIXED,Govt,,,,,
31381KFY0,DUS,,,HY,CPY,MBS Other,Pool,FIXED,Mtge,FN,,,,
31381PQV3,DUS,,,HY,CPY,MBS Other,Pool,FIXED,Mtge,FN,,,,
31381SH62,DUS,,,HY,CPY,MBS Other,Pool,FIXED,Mtge,FN,,,,
36176F2P2,HECMFIXED,,,RF,CPR,MBS Other,Pool,VARIABLE,Mtge,G2RF,,,,
36176F2U1,HECMFIXED,,,RF,CPR,MBS Other,Pool,VARIABLE,Mtge,G2RF,,,,
36176HLD4,HECMFIXED,,,RF,CPR,MBS Other,Pool,VARIABLE,Mtge,G2RF,,,,
36176HMB7,HECMFIXED,,,RF,CPR,MBS Other,Pool,VARIABLE,Mtge,G2RF,,,,
3617ALEJ5,HECMARM,,,ML,CPR,MBS ARM,Pool,FLOATING,Mtge,G2,,,,
3617G0CJ7,HECMARM,,,ML,CPR,MBS ARM,Pool,FLOATING,Mtge,G2,,,,
36180EZC2,HECMARM,,,ML,CPR,MBS ARM,Pool,FLOATING,Mtge,G2,,,,
38375BUL4,HECMCMO,,0,"FLT,HZ+",CPR,Agncy CMO FLT,CMO,FLOATING,Mtge,G2RM 3.6,,,,
38375UE30,HECMCMO,,0,"FLT,HZ+",CPR,Agncy CMO FLT,CMO,FLOATING,Mtge,G2RM 4.3,,,,
38376RAG1,HECMCMO,,0,"FLT,HZ+",CPR,Agncy CMO FLT,CMO,FLOATING,Mtge,G2RM 4.1,,,,
831628CV2,SBAARM,,,,CPR,SBA Pool,Pool,FIXED,Mtge,SBA,,,,
831628DF6,SBAARM,,,,CPR,SBA Pool,Pool,FIXED,Mtge,SBA,,,,
83164C3P4,SBAARM,,,,CPR,SBA Pool,Pool,VARIABLE,Mtge,SBA,,,,
83164F6X7,SBAARM,,,,CPR,SBA Pool,Pool,VARIABLE,Mtge,SBA,,,,
83164FH72,SBAARM,,,,CPR,SBA Pool,Pool,VARIABLE,Mtge,SBA,,,,
735779KX7,MUNIGM,SCD,,,,FIXED,,FIXED,Muni,,EXMP,N,02/13/2008,NEW
736740nb3,MUNIGM,,,,,,,,,,EXMP,N,05/24/2012,REF
736742RM1,MUNIGM,WTR,,,,FIXED,,FIXED,Muni,,EXMP,N,04/17/2008,REF
738850RJ7,MUNIGM,SCD,,,,"ZERO COUPON, OID",,"ZERO COUPON, OID",Muni,,EXMP,N,08/11/2011,REF
717813UQ0,MUNIGM,GOB,,,,"FIXED, OID",,"FIXED, OID",Muni,,EXMP,N,08/13/2009,REF
717813UZ0,MUNIGM,GOB,,,,FIXED,,FIXED,Muni,,EXMP,N,02/02/2017,REF
717817PW4,MUNIGM,APT,,,,FIXED,,FIXED,Muni,,AMT,N,11/15/2010,REF
717883HC9,MUNIGM,SCD,,,,FIXED,,FIXED,Muni,,EXMP,N,11/20/2008,NEW
717883UJ9,MUNIGM,SCD,,,,"FIXED, OID",,"FIXED, OID",Muni,,EXMP,N,11/20/2008,NEW
789220HG8,MUNIBQ,SCD,,,,FIXED,,FIXED,Muni,,EXMP,Y,05/01/2015,REF
790739XF8,MUNIBQ,GOB,,,,FIXED,,FIXED,Muni,,EXMP,Y,07/01/2016,NEW
751005BR9,MUNIBQ,GOB,,,,FIXED,,FIXED,Muni,,EXMP,Y,05/08/2015,REF
752533EA3,MUNIBQ,SCD,,,,"FIXED, OID",,"FIXED, OID",Muni,,EXMP,Y,07/02/2015,NEW
755516BQ3,MUNIBQ,SCD,,,,FIXED,,FIXED,Muni,,EXMP,Y,05/17/2016,REF
912796PE3,USGOVT,USGN,,,,US GOVERNMENT,Bill,ZERO,Govt,,,,,
9128282A7,USGOVT,USGN,,,,US GOVERNMENT,Note,FIXED,Govt,,,,,
9128282F6,USGOVT,USGN,,,,US GOVERNMENT,Note,FIXED,Govt,,,,,
9128284C1,USGOVT,USGN,,,,US GOVERNMENT,Note,FIXED,Govt,,,,,
912828F62,USGOVT,USGN,,,,US GOVERNMENT,Note,FIXED,Govt,,,,,
912828J50,USGOVT,USGN,,,,US GOVERNMENT,Note,FIXED,Govt,,,,,
94983LBB2,PLMBS,,100,"PT,SSNR+",PSA,Prvt CMO Other,Whole Loan,FIXED,Mtge,WH30 5.8,,,,
74928UCA3,PLMBS,,0,"SC,CSTR+",CPR,Prvt CMO Other,Whole Loan,VARIABLE,Mtge,WHARM2.5,,,,
74928WBL6,PLMBS,,100,"SC,MEZ+",CPR,Prvt CMO Z,Whole Loan,VARIABLE,Mtge,WH30 5.3,,,,
92922FXN3,PLMBS,,100,"PT,AS",CPR,Prvt CMO Other,Whole Loan,FIXED,Mtge,AltA15.5,,,,
38148PNS2,USCORP,BANK,,,,US DOMESTIC,,FIXED,Corp,,,,,
46625HJT8,USCORP,FINANCIAL,,,,GLOBAL,,FIXED,Corp,,,,,
46625HRX0,USCORP,FINANCIAL,,,,GLOBAL,,FIXED,Corp,,,,,
48125VQM5,USCORP,FINANCIAL,,,,DOMESTIC MTN,,STEP CPN,Corp,,,,,
538036DK7,USCORP,BANK,,,,US DOMESTIC,,FIXED,Corp,,,,,
75936LAC8,USCORP,FINANCIAL,,,,US DOMESTIC,,FIXED,Corp,,,,,
856283YS9,USCORP,BANK,,,,US DOMESTIC,,FIXED,Corp,,,,,
91802RAT6,MUNITAX,PWR,,,,FIXED,,FIXED,Muni,,TAX,N,12/18/2013,NEW
92343VBQ6,USCORP,TELEPHONE,,,,GLOBAL,,FIXED,Corp,,,,,
9435044Q0,MUNITAX,GOB,,,,FIXED,,FIXED,Muni,,TAX,N,12/01/2015,NEW
94986RWJ6,USCORP,BANK,,,,US DOMESTIC,,VARIABLE,Corp,,,,,
968794FT9,MUNITAX,SCD,,,,FIXED,,FIXED,Muni,,TAX,N,03/26/2014,REF
97913PCQ7,MUNITAX,BAB,,,,FIXED,,FIXED,Muni,,TAX,N,11/18/2010,NEW
981305SA4,MUNITAX,GOB,,,,"FIXED, OID",,"FIXED, OID",Muni,,TAX,N,12/01/1998,NEW
